Images,Probabilities
frame_035.jpg,0.2164536714553833
frame_051.jpg,0.21590320765972137
frame_017.jpg,0.21568436920642853
