Images,Probabilities
COCO_COCO_train2014_000000211478.jpg,0.2516344487667084
VOC_002810.jpg,0.24191033840179443
COCO_COCO_train2014_000000301403.jpg,0.24172337353229523
