Images,Probabilities
COCO_COCO_train2014_000000175370.jpg,0.30435672402381897
COCO_COCO_train2014_000000280764.jpg,0.3026692867279053
COCO_COCO_train2014_000000103128.jpg,0.2967606782913208
