Images,Probabilities
COCO_COCO_train2014_000000423638.jpg,0.23232890665531158
VOC_001315.jpg,0.23226454854011536
COCO_COCO_train2014_000000121795.jpg,0.22900675237178802
