Images,Probabilities
382792572.png,0.23924629390239716
141124544.png,0.23425903916358948
678975408.png,0.2314111590385437
