Images,Probabilities
73352151.png,0.24188905954360962
739200594.png,0.24105285108089447
647928033.png,0.23918373882770538
