Images,Probabilities
ImgNet_n04356056_7253.jpg,0.24571312963962555
VOC_004606.jpg,0.2441304624080658
VOC_006822.jpg,0.24393784999847412
