Images,Probabilities
frame_001.jpg,0.2271728515625
frame_005.jpg,0.2271728515625
frame_043.jpg,0.2239990234375
