Images,Probabilities
test4.jpg,0.21303296089172363
test2.jpg,0.21294671297073364
test3.jpg,0.2093658149242401
