Images,Probabilities
frame_0347.jpg,0.297119140625
frame_0460.jpg,0.294189453125
frame_0264.jpg,0.292724609375
frame_0263.jpg,0.291259765625
frame_0402.jpg,0.291259765625
frame_0244.jpg,0.291015625
frame_0085.jpg,0.290771484375
frame_0246.jpg,0.290771484375
frame_0060.jpg,0.29052734375
frame_0265.jpg,0.2900390625
