Images,Probabilities
test2.jpg,0.20088407397270203
test.jpg,0.18640129268169403
test3.jpg,0.18562932312488556
