Images,Probabilities
COCO_COCO_train2014_000000220777.jpg,0.2677871882915497
COCO_COCO_train2014_000000338475.jpg,0.2597469687461853
COCO_COCO_train2014_000000518517.jpg,0.24747325479984283
