Images,Probabilities
COCO_COCO_train2014_000000305752.jpg,0.25738728046417236
VOC_005696.jpg,0.2538261115550995
COCO_COCO_train2014_000000572125.jpg,0.2517549991607666
