Images,Probabilities
frame_049.jpg,0.293212890625
frame_048.jpg,0.293212890625
frame_047.jpg,0.29150390625
