Images,Probabilities
COCO_COCO_train2014_000000366240.jpg,0.23923379182815552
COCO_COCO_train2014_000000486125.jpg,0.23439007997512817
COCO_COCO_train2014_000000211478.jpg,0.23183758556842804
