Images,Probabilities
73352151.png,0.24873316287994385
953006289.png,0.24685506522655487
297343042.png,0.24311615526676178
