Images,Probabilities
COCO_COCO_train2014_000000293489.jpg,0.23423859477043152
ImgNet_n07697313_620.jpg,0.22895219922065735
COCO_COCO_train2014_000000077903.jpg,0.2272966355085373
