Images,Probabilities
landscape_3125.jpg,0.26508429646492004
landscape_836.jpg,0.2566249668598175
landscape_3491.jpg,0.24753686785697937
