Images,Probabilities
frame_051.jpg,0.22209571301937103
frame_014.jpg,0.22184482216835022
frame_024.jpg,0.2197994440793991
