Images,Probabilities
guzzlord.jpg,0.2611570358276367
passimian.jpg,0.2559701204299927
wimpod.jpg,0.2549818456172943
