Images,Probabilities
VOC_001479.jpg,0.25856369733810425
COCO_COCO_train2014_000000305752.jpg,0.24212224781513214
VOC_006176.jpg,0.2377365231513977
