Images,Probabilities
frame_051.jpg,0.3017578125
frame_056.jpg,0.28955078125
frame_028.jpg,0.278076171875
