Images,Probabilities
678975408.png,0.24531781673431396
497606884.png,0.2365671694278717
827421539.png,0.2358526885509491
