Images,Probabilities
COCO_COCO_train2014_000000034261.jpg,0.30941855907440186
COCO_COCO_train2014_000000436632.jpg,0.2871009111404419
ImgNet_n02426176_2660.jpg,0.27587592601776123
