Images,Probabilities
SUN_sun_bkpeeokpjxnryfwi.jpg,0.26302066445350647
SUN_sun_adkwweprgeumpslv.jpg,0.2618604898452759
ImgNet_n11608250_4246.jpg,0.2571984529495239
