Images,Probabilities
tapu-bulu.jpg,0.27737608551979065
fomantis.jpg,0.2771463990211487
dewpider.jpg,0.27308911085128784
