Images,Probabilities
COCO_COCO_train2014_000000366240.jpg,0.26382264494895935
ImgNet_n07601686_5499.jpg,0.24913686513900757
VOC_008521.jpg,0.24770772457122803
