Images,Probabilities
frame_001.jpg,0.26025390625
frame_005.jpg,0.26025390625
frame_019.jpg,0.2406005859375
