Images,Probabilities
frame_046.jpg,0.228515625
frame_049.jpg,0.2279052734375
frame_048.jpg,0.2279052734375
