Images,Probabilities
790978455.png,0.2373998612165451
190716536.png,0.23621603846549988
270761469.png,0.23496979475021362
