Images,Probabilities
frame_024.jpg,0.22669218480587006
frame_028.jpg,0.22601598501205444
frame_019.jpg,0.2256251871585846
