Images,Probabilities
test3.jpg,0.18812991678714752
test.jpg,0.18390560150146484
test2.jpg,0.17978370189666748
