Images,Probabilities
frame_024.jpg,0.2342558205127716
frame_028.jpg,0.23291447758674622
frame_056.jpg,0.22989828884601593
