Images,Probabilities
VOC_008282.jpg,0.28946971893310547
VOC_004549.jpg,0.2803506553173065
VOC_008213.jpg,0.2748430073261261
