Images,Probabilities
COCO_COCO_train2014_000000226039.jpg,0.2598392963409424
COCO_COCO_train2014_000000305752.jpg,0.24801050126552582
COCO_COCO_train2014_000000486125.jpg,0.24776922166347504
