Images,Probabilities
COCO_COCO_train2014_000000550157.jpg,0.27072107791900635
VOC_004683.jpg,0.2699994444847107
COCO_COCO_train2014_000000175635.jpg,0.2634471654891968
