Images,Probabilities
85509032.png,0.2507924735546112
666788050.png,0.24707362055778503
365046808.png,0.2449304461479187
