Images,Probabilities
frame_051.jpg,0.23279397189617157
frame_019.jpg,0.22676602005958557
frame_037.jpg,0.22669371962547302
