Images,Probabilities
frame_051.jpg,0.24853515625
frame_028.jpg,0.244140625
frame_019.jpg,0.2437744140625
