Images,Probabilities
crabrawler.jpg,0.2924811840057373
salandit.jpg,0.2921096682548523
silvally.jpg,0.29160261154174805
