Images,Probabilities
frame_044.jpg,0.2313232421875
frame_043.jpg,0.231201171875
frame_045.jpg,0.231201171875
