Images,Probabilities
COCO_COCO_train2014_000000556176.jpg,0.23224249482154846
COCO_COCO_train2014_000000052494.jpg,0.23082831501960754
COCO_COCO_train2014_000000509419.jpg,0.22657449543476105
