Images,Probabilities
mudbray.jpg,0.2635740339756012
stakataka.jpg,0.25380274653434753
gumshoos.jpg,0.24469047784805298
