Images,Probabilities
landscape_3491.jpg,0.2818560302257538
landscape_2663.jpg,0.2774156332015991
landscape_3262.jpg,0.27554845809936523
