Images,Probabilities
674303777.png,0.23451046645641327
783318878.png,0.23247183859348297
621458841.png,0.22905927896499634
