Images,Probabilities
SUN_sun_adfgyaphufwhhwao.jpg,0.223388671875
ImgNet_n06470073_1502.jpg,0.2200927734375
COCO_COCO_train2014_000000162282.jpg,0.2198486328125
