Images,Probabilities
COCO_COCO_train2014_000000052494.jpg,0.24316903948783875
COCO_COCO_train2014_000000475978.jpg,0.24231629073619843
COCO_COCO_train2014_000000220777.jpg,0.24046939611434937
