Images,Probabilities
landscape_1835.jpg,0.29284149408340454
landscape_1813.jpg,0.28729888796806335
landscape_291.jpg,0.28559011220932007
