Images,Probabilities
frame_0243.jpg,0.278564453125
frame_0242.jpg,0.276123046875
frame_0423.jpg,0.274169921875
frame_0421.jpg,0.273681640625
frame_0424.jpg,0.272705078125
frame_0434.jpg,0.272216796875
frame_0642.jpg,0.270751953125
frame_0835.jpg,0.2705078125
frame_0418.jpg,0.268798828125
frame_0440.jpg,0.268798828125
