Images,Probabilities
pikipek.jpg,0.24640856683254242
litten.jpg,0.24103599786758423
sandygast.jpg,0.23017902672290802
