Images,Probabilities
ImgNet_n07697313_620.jpg,0.2500731647014618
COCO_COCO_train2014_000000538832.jpg,0.25004392862319946
COCO_COCO_train2014_000000472390.jpg,0.24587690830230713
