Images,Probabilities
test.jpg,0.2375754714012146
test2.jpg,0.2244458645582199
test3.jpg,0.2202005386352539
