Images,Probabilities
VOC_000802.jpg,0.25411853194236755
COCO_COCO_train2014_000000104502.jpg,0.254030704498291
SUN_sun_asdtvpzscfnfdodr.jpg,0.24893847107887268
