Images,Probabilities
Weightlifting494.jpg,0.3133159279823303
Weightlifting166.jpg,0.3133033215999603
Weightlifting295.jpg,0.3104732036590576
