Images,Probabilities
ImgNet_n02123597_10529.jpg,0.2347741574048996
COCO_COCO_train2014_000000522285.jpg,0.23163706064224243
COCO_COCO_train2014_000000494599.jpg,0.22992868721485138
