,Images,Probabilities
0,COCO_COCO_train2014_000000064355.jpg,0.289794921875
1,VOC_009587.jpg,0.28271484375
2,VOC_002146.jpg,0.28173828125
