Images,Probabilities
VOC_007329.jpg,0.23584023118019104
VOC_003548.jpg,0.23491975665092468
COCO_COCO_train2014_000000292587.jpg,0.23356559872627258
