Images,Probabilities
landscape_448.jpg,0.28009331226348877
landscape_1906.jpg,0.2785412669181824
landscape_78.jpg,0.27720922231674194
