Images,Probabilities
landscape_2045.jpg,0.2709590792655945
landscape_1671.jpg,0.2692634165287018
landscape_790.jpg,0.2639347314834595
