Images,Probabilities
landscape_3158.jpg,0.2636873722076416
landscape_1674.jpg,0.25831955671310425
landscape_2521.jpg,0.2560569643974304
