Images,Probabilities
landscape_21.jpg,0.26139867305755615
landscape_43.jpg,0.25648754835128784
landscape_33.jpg,0.2550473213195801
