Images,Probabilities
161772813.png,0.2565234303474426
416483977.png,0.24977457523345947
316031831.png,0.24912141263484955
