Images,Probabilities
ImgNet_n07836838_6814.jpg,0.2374536693096161
ImgNet_n02823428_6196.jpg,0.23182222247123718
VOC_001479.jpg,0.22902625799179077
