Images,Probabilities
COCO_COCO_train2014_000000034261.jpg,0.23236513137817383
COCO_COCO_train2014_000000051550.jpg,0.23142407834529877
COCO_COCO_train2014_000000048491.jpg,0.2311151772737503
