Images,Probabilities
VOC_007100.jpg,0.25467950105667114
COCO_COCO_train2014_000000466136.jpg,0.25252699851989746
ImgNet_n03602883_6756.jpg,0.25048136711120605
