Images,Probabilities
COCO_COCO_train2014_000000077903.jpg,0.22729600965976715
COCO_COCO_train2014_000000466136.jpg,0.22064587473869324
VOC_002004.jpg,0.22017215192317963
