Images,Probabilities
415446939.png,0.22526630759239197
73352151.png,0.22125141322612762
126064654.png,0.21913328766822815
