Images,Probabilities
ImgNet_n07601686_5499.jpg,0.237006276845932
COCO_COCO_train2014_000000404869.jpg,0.23068587481975555
ImgNet_n07697313_620.jpg,0.23015592992305756
