Images,Probabilities
frame_053.jpg,0.287109375
frame_013.jpg,0.279052734375
frame_006.jpg,0.27685546875
