Images,Probabilities
COCO_COCO_train2014_000000052494.jpg,0.23926210403442383
COCO_COCO_train2014_000000254666.jpg,0.23811981081962585
SUN_sun_azhsltgnspyuhrxl.jpg,0.2374458760023117
