Images,Probabilities
638570983.png,0.22716839611530304
328718662.png,0.2254057079553604
604537597.png,0.22391483187675476
