Images,Probabilities
415446939.png,0.2391791194677353
666788050.png,0.23460280895233154
143036195.png,0.23392130434513092
