Images,Probabilities
rockruff.jpg,0.2560780346393585
passimian.jpg,0.2531181871891022
primarina.jpg,0.24711303412914276
