Images,Probabilities
landscape_330.jpg,0.30878084897994995
landscape_3635.jpg,0.30672481656074524
landscape_1618.jpg,0.2973920702934265
