Images,Probabilities
COCO_COCO_train2014_000000175391.jpg,0.2813366651535034
COCO_COCO_train2014_000000110979.jpg,0.2780543267726898
COCO_COCO_train2014_000000140850.jpg,0.2739715874195099
