Images,Probabilities
test2.jpg,0.272206574678421
test3.jpg,0.26540350914001465
test.jpg,0.2574451267719269
