Images,Probabilities
COCO_COCO_train2014_000000522285.jpg,0.23751936852931976
VOC_000772.jpg,0.2366526573896408
VOC_002810.jpg,0.23548643290996552
