Images,Probabilities
ImgNet_n06470073_1502.jpg,0.24610835313796997
COCO_COCO_train2014_000000466136.jpg,0.23321732878684998
VOC_002004.jpg,0.23287378251552582
