Images,Probabilities
frame_028.jpg,0.23759819567203522
frame_051.jpg,0.23699255287647247
frame_059.jpg,0.22986796498298645
