Images,Probabilities
VOC_006176.jpg,0.24408717453479767
SUN_sun_adfgyaphufwhhwao.jpg,0.24294975399971008
ImgNet_n03038685_7207.jpg,0.23941558599472046
