Images,Probabilities
landscape_2045.jpg,0.2401982694864273
landscape_943.jpg,0.23762376606464386
landscape_2491.jpg,0.23742137849330902
