Images,Probabilities
COCO_COCO_train2014_000000175635.jpg,0.2508533298969269
VOC_006176.jpg,0.2415493279695511
VOC_003063.jpg,0.24141988158226013
