Images,Probabilities
Weightlifting243.jpg,0.3194061517715454
Weightlifting323.jpg,0.3177492618560791
Weightlifting172.jpg,0.31616270542144775
