Images,Probabilities
ImgNet_n07601686_5499.jpg,0.26514583826065063
COCO_COCO_train2014_000000316727.jpg,0.24533414840698242
COCO_COCO_train2014_000000366240.jpg,0.24443113803863525
