Images,Probabilities
COCO_COCO_train2014_000000504159.jpg,0.2371416985988617
COCO_COCO_train2014_000000100499.jpg,0.22851897776126862
COCO_COCO_train2014_000000509419.jpg,0.22762367129325867
