Images,Probabilities
frame_021.jpg,0.22157883644104004
frame_024.jpg,0.22146953642368317
frame_053.jpg,0.22112467885017395
