Images,Probabilities
COCO_COCO_train2014_000000295831.jpg,0.24690097570419312
COCO_COCO_train2014_000000366240.jpg,0.23679299652576447
VOC_008213.jpg,0.2307615578174591
