Images,Probabilities
landscape_2521.jpg,0.27781936526298523
landscape_3211.jpg,0.2740851640701294
landscape_2711.jpg,0.2740851640701294
