Images,Probabilities
frame_006.jpg,0.2388916015625
frame_007.jpg,0.23876953125
frame_009.jpg,0.23876953125
