Images,Probabilities
test2.jpg,0.19655302166938782
test.jpg,0.1936272382736206
test3.jpg,0.1905892789363861
