Images,Probabilities
165209593.png,0.24885673820972443
382792572.png,0.24858781695365906
212194282.png,0.2469215840101242
