Images,Probabilities
test2.jpg,0.19084906578063965
test.jpg,0.1858217865228653
test3.jpg,0.1753292679786682
