Images,Probabilities
COCO_COCO_train2014_000000079058.jpg,0.2399739921092987
VOC_000912.jpg,0.22939148545265198
COCO_COCO_train2014_000000494599.jpg,0.22163338959217072
